cat,type,question,options,answer,keywords,explanation
Cape Perks,multiple_choice,"What unique perk does the Cooking cape provide while worn?","Food never burns while cooking|Unlimited teleports to Cooks' Guild|5% extra herbs from herb patches|Acts as a chef's hat only","Food never burns while cooking","","The Cooking cape ensures food is never burned. It also acts as a chef's hat to enter the Cooks' Guild, but the burn immunity is its unique perk. Sold by the Head chef at the Cooks' Guild."
Cape Perks,multiple_choice,"Which NPC sells the Agility cape, and where?","Cap'n Izzy No-Beard at Brimhaven Agility Arena|Pirate Pete at the Corsair Cove|Master Fisher at Fishing Guild|Agility tutor at Gnome Stronghold","Cap'n Izzy No-Beard at Brimhaven Agility Arena","","Cap'n Izzy No-Beard sells the Agility cape at the Brimhaven Agility Arena. The cape can restore 100% run energy and give a stamina potion effect once per day."
Cape Perks,true_false,"The Smithing cape, when worn, allows the coal bag to hold 36 coal instead of the normal 27.","","true","","True. The Smithing cape increases the coal bag's capacity from 27 to 36. It also acts as goldsmith gauntlets. Sold by Thurgo near Mudskipper Point."
Cape Perks,multiple_choice,"What does the Ranging cape act as when worn, by default?","Ava's accumulator|Ava's assembler|Ava's attractor|Ava's device","Ava's accumulator","","The Ranging cape acts as Ava's accumulator. It can be upgraded to Ava's assembler by using Vorkath's head on it. Sold by the Armour salesman at the Ranging Guild."
Cape Perks,multiple_choice,"The Prayer cape, when worn or in inventory, acts as which item?","Holy wrench|Ring of the gods (i)|Zamorak's unholy book|Blessed spirit shield","Holy wrench","","The Prayer cape acts as a holy wrench, but it does NOT stack with a holy wrench or imbued ring of the gods. Sold by Brother Jered at Edgeville Monastery."
Cape Perks,multiple_choice,"How many times per day can the Magic cape be used to change your spellbook?","3|5|7|Unlimited","5","","The Magic cape allows players to permanently change their spellbook up to five times per day. Sold by Wizard Sinina at the Wizards' Guild."
Cape Perks,multiple_choice,"Who sells the Max cape, and where are they located?","Mac, west of the Warriors' Guild|Duradel, in Shilo Village|Wise Old Man, in Draynor Village|The combat tutor, in Lumbridge","Mac, west of the Warriors' Guild","","Mac sells the Max cape just west of the Warriors' Guild. It requires level 99 in all 24 skills. As of March 2026, 47334 players have achieved this."
Cape Perks,true_false,"The Max cape inherits all skillcape perks, including those of the Quest Point cape and Achievement Diary cape.","","false","","False. The Max cape inherits all skillcape perks, but NOT the perks of the Quest Point cape, Achievement Diary cape, or Music cape."
Cape Perks,multiple_choice,"What does the Defence cape do when worn?","Acts as a ring of life (toggleable)|Provides immunity to poison|Doubles natural Hitpoints regen|Acts as a holy wrench","Acts as a ring of life (toggleable)","","The Defence cape acts as a ring of life when worn. This effect can be toggled on or off. Sold by the Melee combat tutor in Lumbridge."
Cape Perks,multiple_choice,"The Runecraft cape prevents which item from degrading when being filled?","Essence pouches|Rune pouches|Coal bags|Herb sacks","Essence pouches","","The Runecraft cape prevents essence pouches from degrading. It also allows access to any runic altar without talismans or tiaras. Sold by Aubury in south-east Varrock."
Cape Perks,multiple_choice,"How many times per day can the Agility cape restore 100% run energy?","Once|Three times|Five times|Unlimited","Once","","The Agility cape restores 100% run energy and gives the stamina potion effect once per day. It also functions as a substitute for a graceful cape."
Cape Perks,free_response,"What items can be searched from the Fletching cape, up to three times per day?","","A mithril grapple and bronze crossbow","mithril grapple|bronze crossbow","The Fletching cape can be searched for a mithril grapple and bronze crossbow up to three times each day. Sold by Hickton in Catherby."
Cape Perks,multiple_choice,"The Farming cape gives a 5% boost to which specific activity?","Base chance to save herb harvest lives|Allotment yield|Farming XP per action|Tree patch growth speed","Base chance to save herb harvest lives","","The Farming cape increases the base chance to save harvest lives and gain extra herbs from herb patches by 5%. Stacks with magic secateurs. Sold by Martin the Master Gardener in Draynor."
Cape Perks,multiple_choice,"What does the Herblore cape allow Zahur in Nardah to do without completing the Hard Desert Diary?","Create unfinished potions for 200 coins each|Clean grimy herbs for free|Note all clean herbs|Decant all potions for free","Create unfinished potions for 200 coins each","","The Herblore cape lets Zahur create unfinished potions for 200 coins each without the Hard Desert Diary. It also allows grimy herbs to be used directly and can be searched for a pestle and mortar."
Cape Perks,true_false,"The Hitpoints cape's HP regen effect stacks with the Rapid Heal prayer.","","false","","False. The Hitpoints cape doubles natural HP restoration but does NOT stack with Rapid Heal. It does stack with the regen bracelet. Sold by Surgeon General Tafani at Emir's Arena."
Cape Perks,multiple_choice,"What does the Firemaking cape act as, both when equipped AND when in inventory?","An inextinguishable light source|A tinderbox substitute|Warm clothing for Wintertodt only|A pair of pyromancer gloves","An inextinguishable light source","","The Firemaking cape is an inextinguishable light source whether equipped or in inventory. It also counts as warm clothing for the Wintertodt. Sold by Ignatius Vulcan south of Seers' Village."
Cape Perks,multiple_choice,"The Attack cape perk removes which requirement when accessing cyclopes in the Warriors' Guild?","Warrior guild tokens|The minimum attack level|Membership to the Warriors' Guild|The need to defeat Kamfreena","Warrior guild tokens","","The Attack cape removes the need for warrior guild tokens to access cyclopes in the Warriors' Guild. Sold by Ajjat at the Warriors' Guild."
Cape Perks,multiple_choice,"What does the Thieving cape add to pickpocketing success rates?","10% extra success chance|15% extra success chance|5% extra success chance|20% extra success chance","10% extra success chance","","The Thieving cape adds a 10% chance of success when pickpocketing. This stacks with the Easy, Medium, and Hard Ardougne Diary bonuses. Sold by Martin Thwait in Rogues' Den."
Cape Perks,true_false,"The Slayer cape, when worn, gives a 10% chance of being offered the previous Slayer task when getting a new one.","","true","","True. The Slayer cape provides a 10% chance to pick the previous task from any Slayer master. Sold by Duradel in Shilo Village."
Slayer Masters,multiple_choice,"What combat level is required to use Duradel as your Slayer master?","85|90|100|110","100","","Duradel requires combat level 100 AND 50 Slayer — he is the only Slayer master with both a combat AND a Slayer level requirement."
Slayer Masters,multiple_choice,"Which Slayer master gives the most base Slayer points per task?","Duradel (15)|Konar quo Maten (18)|Nieve (12)|Krystilia (25)","Konar quo Maten (18)","","Konar gives 18 base points per task (20 with Elite Kourend & Kebos Diary). Krystilia gives 25 but only for Wilderness tasks with a separate counter."
Slayer Masters,multiple_choice,"Where is the Slayer master Chaeldar located?","Zanaris, by the Fairy Queen's throne|Tree Gnome Stronghold|Shilo Village|Mount Karuulm","Zanaris, by the Fairy Queen's throne","","Chaeldar is in Zanaris. She requires 70 combat and Lost City quest completion. She gives 10 base points per task."
Slayer Masters,true_false,"Krystilia, the Edgeville Slayer master, requires a minimum combat level to assign tasks.","","false","","False. Krystilia has no combat or Slayer level requirement. She assigns only Wilderness tasks and gives 25 base points per task — the highest of any Slayer master."
Slayer Masters,multiple_choice,"What quest must be completed to unlock Spria as a Slayer master?","A Porcine of Interest|Priest in Peril|While Guthix Sleeps|The Restless Ghost","A Porcine of Interest","","Spria is Turael's daughter in Draynor Village. She requires A Porcine of Interest and gives 0 points per task — same as Turael."
Slayer Masters,multiple_choice,"Where is the Slayer master Vannaka located?","Edgeville Dungeon, east of the Wilderness gate|Burthorpe centre|Draynor Village|South of Falador","Edgeville Dungeon, east of the Wilderness gate","","Vannaka is in Edgeville Dungeon. He requires 40 combat and gives 8 base Slayer points per task."
Slayer Masters,multiple_choice,"After completing Monkey Madness II, who replaces Nieve as the Slayer master at Tree Gnome Stronghold?","Steve|Duradel|Kuradal|Achtryn","Steve","","Steve replaces Nieve after Monkey Madness II. Similarly, Kuradal replaces Duradel and Achtryn temporarily replaces Mazchna after While Guthix Sleeps."
Slayer Masters,multiple_choice,"What is Duradel's minimum Slayer level requirement — and is he the only master with this?","50 Slayer; yes, he's the only master with a Slayer req|50 Slayer; Konar also requires 50|70 Slayer; he's the only master with a Slayer req|No Slayer req; combat only","50 Slayer; yes, he's the only master with a Slayer req","","Duradel requires 50 Slayer AND 100 combat. He is the only Slayer master in OSRS with a Slayer level requirement."
Slayer Masters,multiple_choice,"How many base Slayer points does Konar quo Maten award per task with the Elite Kourend & Kebos Diary?","15|18|20|25","20","","Konar gives 18 base points, which increases to 20 with the Elite Kourend & Kebos Diary. She also provides brimstone keys from assigned monsters."
Slayer Masters,true_false,"A player with 99 Slayer can show their Slayer cape to bypass combat level requirements for any Slayer master.","","true","","True. The combat level requirement for all Slayer masters can be bypassed by achieving 99 Slayer and showing the Slayer cape to the master."
Quest Points,multiple_choice,"How many quest points are required to start Dragon Slayer II — the highest QP requirement in the game?","175|180|200|250","200","","Dragon Slayer II requires 200 quest points to start — the highest of any quest. By contrast, While Guthix Sleeps requires 180."
Quest Points,multiple_choice,"How many total quest points are available in Old School RuneScape?","295|315|335|350","335","","There are 335 total QP: 46 from F2P quests and 289 from members quests. All 335 are needed for the Quest Point cape."
Quest Points,true_false,"Recipe for Disaster awards a total of 10 quest points across all its sub-quests.","","true","","True. Recipe for Disaster has 10 parts (intro + 8 subquests + finale), each awarding 1 QP — the most of any single quest in OSRS."
Quest Points,multiple_choice,"How many quest points are needed to start Legends' Quest?","75|100|107|150","107","","Legends' Quest requires 107 QP. Completing it grants access to the Legends' Guild — and the Quest Point cape teleports there."
Quest Points,multiple_choice,"What is unlocked every 50 quest points, up to a maximum of 6?","A Slayer block slot|An extra Slayer skip|A POH room slot|An extra bank tab","A Slayer block slot","","Every 50 QP unlock a Slayer block slot, up to 6 at 300 QP. The Quest Point cape gives a 7th block slot."
Quest Points,multiple_choice,"How many quest points are required to enter the Champions' Guild and start Dragon Slayer I?","20|28|32|40","32","","32 QP are needed to enter the Champions' Guild, which is where Dragon Slayer I is started."
Quest Points,multiple_choice,"Which two F2P quests are tied for the most quest points awarded (5 QP each)?","Romeo & Juliet and Goblin Diplomacy|Dragon Slayer I and Black Knights' Fortress|Demon Slayer and Prince Ali Rescue|Ernest the Chicken and Goblin Diplomacy","Romeo & Juliet and Goblin Diplomacy","","Both Romeo & Juliet and Goblin Diplomacy award 5 QP — tied for the most of any F2P quest. Dragon Slayer I only awards 2 QP."
Quest Points,multiple_choice,"How many quest points are needed to start Swan Song, which unlocks the Piscatoris Fishing Colony?","75|100|107|150","100","","Swan Song requires 100 QP and gives access to the Piscatoris Fishing Colony and its monkfish fishing."
Quest Points,multiple_choice,"How many quest points are required to start While Guthix Sleeps?","150|175|180|200","180","","While Guthix Sleeps requires 180 QP. It's the second-highest QP requirement after Dragon Slayer II (200)."
Quest Points,true_false,"Having maximum quest points (335) reduces the cost of Nightmare Zone Rumble mode by 10,000 coins.","","true","","True. Max QP reduces NMZ custom Rumble mode by 10,000 coins — to 12,000 for normal and 16,000 for hard mode."
Skill Requirements,multiple_choice,"What Agility level (non-boostable) is required to complete Song of the Elves?","65|68|70|72","70","","Song of the Elves requires 70 Agility AND 70 Construction — both non-boostable — along with several other high skill requirements."
Skill Requirements,multiple_choice,"Which quest is the only one with a raw combat level requirement — and what is it?","Dream Mentor — 85 combat|Song of the Elves — 100 combat|Monkey Madness II — 90 combat|Dragon Slayer II — 100 combat","Dream Mentor — 85 combat","","Dream Mentor is the only OSRS quest with a raw combat level requirement: 85 combat. All other quests use individual skill requirements."
Skill Requirements,multiple_choice,"What Defence level is required for King's Ransom?","55|60|65|70","65","","King's Ransom requires 65 Defence — notably high for a single-skill gate."
Skill Requirements,true_false,"The Agility requirement for Troll Romance (28 Agility) is boostable.","","false","","False. Troll Romance has a non-boostable 28 Agility requirement. Many agility requirements in quests cannot be boosted."
Skill Requirements,multiple_choice,"What Cooking level is required to start Heroes' Quest?","45|53|60|65","53","","Heroes' Quest requires 53 Cooking (boostable). It also requires 55 QP and completion of several prerequisite quests."
Skill Requirements,multiple_choice,"What Agility level is required (non-boostable) for Secrets of the North?","60|65|69|72","69","","Secrets of the North requires 69 Agility, non-boostable — one of the highest Agility requirements in any OSRS quest."
Skill Requirements,multiple_choice,"What Crafting level does Monkey Madness II require?","60|65|70|75","70","","Monkey Madness II requires 70 Crafting (non-boostable), alongside 55 Agility and 69 Hunter (both non-boostable)."
Skill Requirements,multiple_choice,"What Construction level is required for Desert Treasure II - The Fallen Empire?","50|55|60|65","60","","Desert Treasure II requires 60 Construction (non-boostable). It also requires completing His Faithful Servants miniquest."
Skill Requirements,multiple_choice,"What is the Agility requirement for Making Friends with My Arm?","60|64|68|70","68","","Making Friends with My Arm requires 68 Agility (boostable) and 35 Construction (boostable). It continues the Troll quest series."
Skill Requirements,true_false,"The quest Regicide has a boostable Agility requirement of 56.","","true","","True. Regicide requires 56 Agility (boostable). It's part of the Elf quest series and leads to the underground pass to Tirannwn."
Barrows,multiple_choice,"Which of the six Barrows brothers uses Ranged attacks?","Karil the Tainted|Ahrim the Blighted|Verac the Defiled|Guthan the Infested","Karil the Tainted","","Karil the Tainted is the Ranged brother, using a crossbow with bolt racks. Ahrim is the Magic brother."
Barrows,multiple_choice,"Which Barrows brother uses Magic attacks?","Ahrim the Blighted|Karil the Tainted|Dharok the Wretched|Torag the Corrupted","Ahrim the Blighted","","Ahrim the Blighted uses Magic and wields a staff. His set includes: hood, robetop, robeskirt, and staff."
Barrows,true_false,"The Barrows brothers count toward Ghost Slayer tasks because of their ghostly appearance.","","false","","False. Despite looking ghostly, the brothers are wights — they count toward Boss Slayer tasks. Crumble Undead cannot be used on them."
Barrows,multiple_choice,"Which OSRS lore character gave the Barrows brothers their power and cursed them?","Sliske|Lucien|Zamorak|Azzanadra","Sliske","","Sliske (a Mahjarrat) was the mysterious stranger who gave the brothers power, then cast an ancient spell reanimating them as wights."
Barrows,multiple_choice,"What must be started before a player can dig into the Barrows crypts?","His Faithful Servants miniquest|Priest in Peril quest|In Aid of the Myreque|Shades of Mort'ton","His Faithful Servants miniquest","","His Faithful Servants must be started to dig into the crypts. Priest in Peril is required just to enter Morytania."
Barrows,true_false,"Completing the Hard Morytania Achievement Diary rewards more runes from the Barrows chest.","","true","","True. The Hard Morytania Diary causes players to receive more runes from the Barrows chest."
Barrows,multiple_choice,"Which Barrows brother's tomb offers the clearest view of the Meiyerditch Laboratories?","Dharok the Wretched|Ahrim the Blighted|Guthan the Infested|Verac the Defiled","Dharok the Wretched","","Dharok's tomb has the clearest view of the Meiyerditch Laboratories. Underground areas in OSRS are technically located above the Wilderness on the world map."
Barrows,multiple_choice,"What Agility level unlocks the dry stone wall shortcut on the south-west side of the Barrows mounds?","60|65|70|72","72","","Level 72 Agility unlocks the dry stone wall shortcut near the Barrows. The best teleport is the Arceuus Barrows Teleport at level 83 Magic."
Achievement Diaries,multiple_choice,"How many Achievement Diary regions are there in Old School RuneScape?","10|12|14|16","12","","There are 12 diary regions: Ardougne, Desert, Falador, Fremennik, Kandarin, Karamja, Kourend & Kebos, Lumbridge & Draynor, Morytania, Varrock, Western Provinces, and Wilderness."
Achievement Diaries,multiple_choice,"Who sells the Achievement Diary cape, and where?","Twiggy O'Korn in Draynor Village|Wise Old Man in Draynor Village|Hatius Cosaintus in Lumbridge|Toby in Varrock","Twiggy O'Korn in Draynor Village","","Twiggy O'Korn in Draynor Village sells the Achievement Diary cape for 99,000 coins after completing all 12 diaries."
Achievement Diaries,multiple_choice,"What is the highest Fishing level required for any Achievement Diary task?","90|93|95|96","96","","The Morytania Elite Diary requires Fishing 96 — the highest Fishing requirement of any diary task."
Achievement Diaries,multiple_choice,"Which Achievement Diary requires the highest Slayer level for its Elite tier (95 Slayer)?","Kourend & Kebos|Western Provinces|Fremennik|Wilderness","Kourend & Kebos","","The Kourend & Kebos Diary requires Slayer 95 for its Elite tier — the highest Slayer requirement of any diary."
Achievement Diaries,multiple_choice,"How many total Achievement Diary tasks are there across all 12 regions?","320|420|492|550","492","","There are 492 tasks spread across all 12 Achievement Diary regions in Old School RuneScape."
Achievement Diaries,true_false,"Elite diary tasks can require levels into the 90s, while Easy tasks cap at around level 40.","","true","","True. Easy diary tasks go up to ~level 40, Medium up to ~65, Hard up to ~75, and Elite tasks go into the 90s (e.g. Fishing 96, Magic 96, Slayer 95)."
Achievement Diaries,multiple_choice,"What is the Wilderness Diary's highest magic requirement for its Elite tier?","90|93|94|96","96","","The Wilderness Elite Diary requires Magic 96 — tied with Morytania's Fishing 96 for the highest single-skill requirement in any diary."
Quest Trivia,multiple_choice,"Recipe for Disaster was the 100th quest released in RuneScape. Which quest is it a sequel to?","Cook's Assistant|The Grand Tree|Monkey Madness I|Legends' Quest","Cook's Assistant","","Recipe for Disaster is a sequel to Cook's Assistant. The villain is the Culinaromancer. It was released on 15 March 2006."
Quest Trivia,multiple_choice,"What miniquest is a prerequisite for both Horror from the Deep AND Scorpion Catcher?","Alfred Grimhand's Barcrawl|Enter the Abyss|Skippy and the Mogres|Curse of the Empty Lord","Alfred Grimhand's Barcrawl","","Alfred Grimhand's Barcrawl (a miniquest, no QP awarded) is required for Horror from the Deep and Scorpion Catcher."
Quest Trivia,multiple_choice,"Which F2P quest was the newest as of February 2026?","The Ides of Milk|Learning the Ropes|Below Ice Mountain|The Corsair Curse","The Ides of Milk","","The Ides of Milk was released 25 February 2026. Learning the Ropes (quest #0) was released in October 2025 as a short tutorial quest."
Quest Trivia,true_false,"The miniquest Enter the Abyss is required before starting Devious Minds.","","true","","True. Enter the Abyss is required for Devious Minds, Temple of the Eye, and Wanted! — despite being just a miniquest with no QP."
Quest Trivia,multiple_choice,"Which miniquest is required specifically for Desert Treasure II - The Fallen Empire?","His Faithful Servants|Curse of the Empty Lord|Enter the Abyss|Skippy and the Mogres","His Faithful Servants","","His Faithful Servants must be completed for Desert Treasure II. The General's Shadow and Curse of the Empty Lord are required for Secrets of the North."
Quest Trivia,multiple_choice,"How many quest points does the miniquest Alfred Grimhand's Barcrawl award?","0 — it's a miniquest|1|2|3","0 — it's a miniquest","","Miniquests in OSRS award no quest points. However some (like Alfred Grimhand's Barcrawl) are required as prerequisites for full quests that do award QP."
Quest Trivia,multiple_choice,"What quest was assigned the unusual number '0' when released in October 2025?","Learning the Ropes|The Ides of Milk|Tutorial Island|Doric's Quest","Learning the Ropes","","Learning the Ropes was released as quest #0 in October 2025 — a Very Short Novice tutorial quest awarding 1 QP."
Quest Trivia,true_false,"The quest Legends' Quest is a Master difficulty Long quest awarding 4 QP.","","true","","True. Legends' Quest is a Master difficulty, Long quest awarding 4 QP. It was released 20 August 2003."
Prayer,multiple_choice,"What Prayer level is required for Protect from Melee?","37|40|43|46","43","","Protect from Melee unlocks at level 43. It provides 100% protection from melee NPCs and 40% damage reduction against players."
Prayer,multiple_choice,"What Prayer level is required for Piety?","60|65|70|75","70","","Piety requires 70 Prayer AND completion of the Knight Waves Training Grounds miniquest. It boosts Attack by 20%, Strength by 23%, and Defence by 25%."
Prayer,multiple_choice,"What Prayer level unlocks Rigour?","70|74|77|80","74","","Rigour requires 74 Prayer and must be unlocked via the dexterous prayer scroll obtained from the Chambers of Xeric. It boosts Ranged by 20%/23% and Defence by 25%."
Prayer,multiple_choice,"What Prayer level unlocks Augury?","74|75|77|80","77","","Augury requires 77 Prayer and is unlocked via the arcane prayer scroll from the Chambers of Xeric. It gives +25% Magic attack and defence and +4% Magic damage."
Prayer,multiple_choice,"What level unlocks the Smite prayer, and what does it do?","50 — drains opponent's prayer by 25% of damage dealt|52 — drains opponent's prayer by 25% of damage dealt|55 — halves opponent's prayer drain rate|60 — removes opponent's overhead prayer","52 — drains opponent's prayer by 25% of damage dealt","","Smite is at level 52 and is an overhead prayer. It drains the opponent's prayer by 25% of every hit dealt — powerful in PvP to drain prayer quickly."
Prayer,multiple_choice,"What does the Preserve prayer do?","Boosted stats last 50% longer|Prevents stat drains in combat|Doubles HP restoration rate|Adds +5 to all combat stats","Boosted stats last 50% longer","","Preserve (level 55) makes boosted stats last 50% longer before decaying. It must be unlocked via the torn prayer scroll from Chambers of Xeric."
Prayer,true_false,"All prayers up to and including Mystic Might (level 45) are available to free-to-play players.","","true","","True. Prayers up to level 45 (Mystic Might) are F2P. Retribution at level 46 is the first members-only prayer."
Prayer,multiple_choice,"What happens when the Redemption prayer activates?","Heals by 25% of Prayer level when HP drops below 10%|Automatically cures poison when activated|Reduces damage taken by 25% for 30 seconds|Restores 10 prayer points per hit","Heals by 25% of Prayer level when HP drops below 10%","","Redemption (level 49) automatically heals the player by 25% of their base Prayer level when their HP falls below 10%, fully draining prayer in the process."
Prayer,multiple_choice,"Which two prayers require completion of the Knight Waves Training Grounds to unlock?","Chivalry and Piety|Piety and Rigour|Chivalry and Augury|Rigour and Augury","Chivalry and Piety","","Chivalry (level 60) and Piety (level 70) both require completion of the King's Ransom quest and the Knight Waves miniquest. They cannot be used with only the Prayer level."
Prayer,true_false,"Protection prayers reduce damage from other players by 100%, the same as they do against NPCs.","","false","","False. Protection prayers only reduce player-vs-player damage by 40%, not 100%. Against NPCs they provide full immunity."
Prayer,multiple_choice,"What prayer level is Protect from Magic?","34|37|40|43","37","","Protect from Magic is level 37 — it is the first of the three protection overhead prayers, unlocking before Protect from Missiles (40) and Protect from Melee (43)."
Prayer,multiple_choice,"Which of these prayers is unlocked via a scroll dropped by the Royal Titans?","Deadeye|Rigour|Augury|Preserve","Deadeye","","Deadeye (level 62) and Mystic Vigour (level 63) are unlocked via the deadeye prayer scroll and mystic vigour prayer scroll, dropped by the Royal Titans. They permanently override Eagle Eye and Mystic Might."
Prayer,multiple_choice,"What does each prayer bonus point add to the prayer drain resistance formula?","2 per point|3 per point|5 per point|10 per point","2 per point","","Base prayer drain resistance is 60, increased by 2 per point of prayer bonus from equipment. Formula: resistance = 2 × bonus + 60."
Prayer,true_false,"The Rapid Heal and Preserve prayers are both rendered useless when 1-tick prayer flicking.","","true","","True. Rapid Heal resets your HP regen timer every activation, and Preserve needs to be continuously active for 15 seconds before the next stat drain to work. 1-tick flicking breaks both."
Prayer,multiple_choice,"What level is the Retribution prayer, and what does it do?","46 — deals damage up to 25% of Prayer level to nearby targets on death|49 — heals when HP drops below 10%|52 — drains opponent's prayer|55 — extends boosts","46 — deals damage up to 25% of Prayer level to nearby targets on death","","Retribution (level 46) is the first members overhead prayer. On death it damages nearby targets for up to 25% of your base Prayer level in a 3x3 radius."
God Wars Dungeon,multiple_choice,"What stat is required (level 70) to access Bandos' Stronghold in the God Wars Dungeon?","Strength|Agility|Ranged|Hitpoints","Strength","","Bandos' Stronghold requires 70 Strength to bang the gong and open the door. A hammer, warhammer, or elder maul is also needed."
God Wars Dungeon,multiple_choice,"What stat is required (level 70) to access Armadyl's Eyrie?","Ranged|Agility|Strength|Magic","Ranged","","Armadyl's Eyrie requires 70 Ranged. A crossbow and mithril grapple are also needed to grapple across. A spare grapple can be found in a crate just inside."
God Wars Dungeon,multiple_choice,"What is the combat level of K'ril Tsutsaroth, the highest of the four main generals?","596|624|640|650","650","","K'ril Tsutsaroth is combat level 650 — the highest of the four main generals. He is a demon and represents Zamorak's forces."
God Wars Dungeon,multiple_choice,"What race is Commander Zilyana?","Icyene|Mahjarrat|Aviansie|Demon","Icyene","","Commander Zilyana is an Icyene, representing Saradomin. Her bodyguards are Starlight, Growler, and Bree."
God Wars Dungeon,true_false,"Kree'arra, the Armadyl general, can be attacked with melee weapons under normal circumstances.","","false","","False. Kree'arra cannot be attacked with melee weapons normally — only a salamander or halberd can. She is combat level 580 and uses Ranged, Magic, and Melee attacks."
God Wars Dungeon,multiple_choice,"What happens to your prayer points upon crossing the ice bridge into Zamorak's Fortress?","They are instantly drained to 0|They are halved|They are reduced by 10|Nothing happens","They are instantly drained to 0","","Crossing into Zamorak's Fortress instantly drains all prayer points. Also, the room is dimmed and can only be lit by Saradomin's light, a drop from Commander Zilyana."
God Wars Dungeon,multiple_choice,"How many kills of a god's followers are required to enter a boss room by default?","20|30|40|50","40","","40 kills of a god's followers are required to enter their boss room by default. This can be reduced to 15 with Grandmaster Combat Achievements completion."
God Wars Dungeon,multiple_choice,"What item allows a player to completely skip the kill count requirement to enter a GWD boss room?","Ecumenical key|Zamorak's favour|God symbol|Ghostly key","Ecumenical key","","The Ecumenical key (obtained in the Wilderness GWD) skips the kill count requirement entirely. It disintegrates on use."
God Wars Dungeon,multiple_choice,"What does K'ril Tsutsaroth's special melee attack do?","Hits through Protect from Melee and drains half of current prayer|Poisons for 16 damage|Stuns and binds for 5 seconds|Doubles its next hit","Hits through Protect from Melee and drains half of current prayer","","K'ril's spec bypasses Protect from Melee AND drains half of the target's current prayer points. He can also inflict poison starting at 16 damage."
God Wars Dungeon,multiple_choice,"What is Nex's combat level?","850|950|1001|1100","1001","","Nex is combat level 1001 and is known as the Angel of Death. She is a Nihil and represents Zaros. She's sealed behind the Ancient Prison, accessible via the Frozen Key."
God Wars Dungeon,multiple_choice,"What is assembled from drops of the four main generals and used to permanently unlock the Ancient Prison?","Frozen key|Ecumenical key|Ancient tablet|Godsword shard set","Frozen key","","The Frozen Key is assembled from drops of all four main generals and used once on the Frozen Door to permanently unlock the Ancient Prison. The key disintegrates on use."
God Wars Dungeon,true_false,"Each GWD boss chamber altar can only be used once every 10 minutes and restores one prayer point above maximum per god-aligned item worn.","","true","","True. The altar restores one extra prayer point per god-affiliated item worn, but can only be used once per 10 minutes and not during combat. It can also teleport you outside the chamber."
God Wars Dungeon,multiple_choice,"What minimum stat is required to enter the God Wars Dungeon (push the boulder)?","60 Strength OR 60 Agility|70 Strength OR 70 Agility|60 Strength only|50 Strength OR 50 Agility","60 Strength OR 60 Agility","","Players need either 60 Strength or 60 Agility to push the boulder at the GWD entrance. A rope is also required on the first visit."
God Wars Dungeon,multiple_choice,"What race is Kree'arra, the Armadyl general?","Aviansie|Icyene|Demon|Ourg","Aviansie","","Kree'arra is an Aviansie representing Armadyl. Her three bodyguards are Wingman Skree, Flockleader Geerin, and Flight Kilisa."
Chambers of Xeric,multiple_choice,"When was the Chambers of Xeric released?","5 January 2017|12 June 2016|1 March 2018|14 October 2015","5 January 2017","","The Chambers of Xeric was released on 5 January 2017 — it was the first raid ever introduced to Old School RuneScape."
Chambers of Xeric,multiple_choice,"How many players can participate in a Chambers of Xeric raid simultaneously?","1 to 20|1 to 50|1 to 100|1 to 10","1 to 100","","Chambers of Xeric supports 1 to 100 players simultaneously. Enemy stats scale with team size."
Chambers of Xeric,multiple_choice,"What is the final boss of the Chambers of Xeric?","Great Olm|Tekton|Vasa Nistirio|Vespula","Great Olm","","The Great Olm is the final boss and is always on the static third floor of every layout. All other floors are randomised."
Chambers of Xeric,true_false,"The Chambers of Xeric was the first raid introduced to Old School RuneScape.","","true","","True. Chambers of Xeric (released January 2017) was OSRS's first raid. The Theatre of Blood followed in 2018."
Chambers of Xeric,multiple_choice,"What happens to a player's points when they die inside the Chambers of Xeric?","They lose 40% of their points|They lose all points|They lose 10% of their points|Points are unaffected by death","They lose 40% of their points","","Dying in CoX costs 40% of your personal points. If you die with very few points (less than 5% of team total), the team loses 5% instead."
Chambers of Xeric,multiple_choice,"What Herblore level is needed to make an Overload (standard) inside the Chambers of Xeric?","65|70|75|80","75","","Standard Overloads inside CoX require 75 Herblore. The stronger Overload+ requires 90 Herblore. They boost all combat stats by 5 + 13%."
Chambers of Xeric,multiple_choice,"Which prayer scrolls can be obtained from the Chambers of Xeric?","Torn, dexterous, and arcane prayer scrolls|Rigour, Augury, and Preserve scrolls|Wrath, protection, and curse scrolls|Ancient, standard, and lunar prayer scrolls","Torn, dexterous, and arcane prayer scrolls","","The torn prayer scroll unlocks Preserve (55), the dexterous scroll unlocks Rigour (74), and the arcane scroll unlocks Augury (77)."
Chambers of Xeric,multiple_choice,"How long do herbs take to grow inside the Chambers of Xeric farming plots?","30 seconds|5 minutes|1 minute|Instantly","30 seconds","","Due to the magic of the Chambers, herbs grow in just 30 seconds — far faster than any normal farming patch."
Chambers of Xeric,multiple_choice,"What is the fairy ring code that brings you close to Mount Quidamortem?","BLS|AJR|CKR|DKP","BLS","","Fairy ring BLS brings players near Mount Quidamortem. Running north from the landing point reaches the CoX entrance."
Chambers of Xeric,true_false,"The Chambers of Xeric raid layout is always the same (static) every run.","","false","","False. The layout is randomly generated each run (two floors of randomised rooms + one static final floor). Only Challenge Mode has a fixed static layout."
Chambers of Xeric,multiple_choice,"Who built the Chambers of Xeric, serving as Xeric's personal artisan?","Tekton|Vasa Nistirio|The Great Olm|Xeric himself","Tekton","","Tekton was Xeric's personal artisan who built the Chambers. He is also one of the bosses encountered inside the raid."
Chambers of Xeric,multiple_choice,"What unique item obtained inside CoX can be used on Xeric's talisman to add a teleport to Mount Quidamortem?","Ancient tablet|Dark journal|Twisted emblem|Olmlet","Ancient tablet","","The ancient tablet, obtained as a reward from the Chambers, can be used on Xeric's talisman to unlock a direct teleport to Mount Quidamortem."
Theatre of Blood,multiple_choice,"What is the first boss encountered in the Theatre of Blood?","The Maiden of Sugadinti|Pestilent Bloat|Nylocas Vasilias|Verzik Vitur","The Maiden of Sugadinti","","The Theatre of Blood is a linear raid with a fixed boss order: Maiden, Bloat, Nylocas Vasilias, Sotetseg, Xarpus, Verzik Vitur."
Theatre of Blood,multiple_choice,"What is the final boss of the Theatre of Blood?","Verzik Vitur|Sotetseg|Xarpus|Nylocas Vasilias","Verzik Vitur","","Verzik Vitur is the final boss at combat level 1040. Her treasure vault contains the unique loot chest."
Theatre of Blood,multiple_choice,"What is the maximum party size for the Theatre of Blood?","3|4|5|10","5","","ToB supports 1–5 players. Boss hitpoints scale down for smaller teams: 75% HP at 3 or fewer players, 87.5% at 4, 100% at 5."
Theatre of Blood,multiple_choice,"What is the only quest required before entering the Theatre of Blood?","Priest in Peril|A Night at the Theatre|Darkness of Hallowvale|Sins of the Father","Priest in Peril","","Priest in Peril is required to enter Morytania, which is the only prerequisite to entering the ToB. No other quest is required."
Theatre of Blood,multiple_choice,"What does 'Ver Sinhaza' mean in Hungarian?","Theatre of Blood|House of Night|Tower of Darkness|Hall of Vampyres","Theatre of Blood","","Ver Sinhaza is Hungarian for Theatre of Blood. Similarly, 'Verzik' derives from 'vérzik' meaning 'bleeding' and 'Sotetseg' from 'sötétség' meaning 'darkness'."
Theatre of Blood,true_false,"Bosses inside the Theatre of Blood count toward Slayer tasks, and the Slayer helmet bonus applies.","","false","","False. ToB bosses do NOT count toward Slayer tasks, meaning the Slayer helmet and black mask bonuses provide no benefit inside the raid."
Theatre of Blood,multiple_choice,"What item is used to safely exit the Theatre of Blood mid-raid?","Escape crystal|Teleport crystal|Theatre key|Sinhaza amulet","Escape crystal","","Escape crystals are sold by the Mysterious Stranger outside for 75,000 coins each. Both the user and target must have one to teleport a teammate out — both are consumed."
Theatre of Blood,multiple_choice,"How much does it cost to reclaim items from the chest after a full team wipe in the Theatre of Blood?","50,000 coins|75,000 coins|100,000 coins|150,000 coins","100,000 coins","","After a full team death, items can be reclaimed from a storage chest for 100,000 coins. Dying again without reclaiming results in permanent item loss."
Theatre of Blood,multiple_choice,"What is Xarpus described as in ToB lore?","The last of the Yarasa race and its king|A dark beast corrupted through Haemalchemy|A breeding experiment of Verzik Vitur|An ancient demon sealed beneath Ver Sinhaza","The last of the Yarasa race and its king","","Xarpus is the last of the Yarasa (Turkish for 'bat'). Sotetseg is 'a dark beast corrupted through Haemalchemy.' Nylocas Vasilias is a result of Verzik's breeding program."
Theatre of Blood,multiple_choice,"Which quest features the Theatre of Blood prominently in its storyline?","A Night at the Theatre|Sins of the Father|Darkness of Hallowvale|A Taste of Hope","A Night at the Theatre","","A Night at the Theatre is the quest that takes place within the Theatre of Blood and reveals the lore behind it."
Theatre of Blood,multiple_choice,"What is the correct order of bosses in the Theatre of Blood?","Maiden, Bloat, Nylocas, Sotetseg, Xarpus, Verzik|Bloat, Maiden, Sotetseg, Nylocas, Verzik, Xarpus|Maiden, Nylocas, Bloat, Xarpus, Sotetseg, Verzik|Nylocas, Maiden, Bloat, Xarpus, Sotetseg, Verzik","Maiden, Bloat, Nylocas, Sotetseg, Xarpus, Verzik","","The Theatre is a linear raid — the order never changes: The Maiden of Sugadinti, Pestilent Bloat, Nylocas Vasilias, Sotetseg, Xarpus, then Verzik Vitur."
Theatre of Blood,multiple_choice,"What unique item from Theatre of Blood is used to upgrade the dragon defender?","Avernic defender hilt|Justiciar sigil|Sanguine ornament kit|Vial of blood","Avernic defender hilt","","The Avernic defender hilt drops from ToB and is used to upgrade the dragon defender into the Avernic defender — the best-in-slot off-hand melee item."
Theatre of Blood,multiple_choice,"How much harder do bosses hit in the Theatre of Blood at a party of 5 compared to a party of 3 or fewer?","Full HP (100%) vs 75% HP — 33% more HP|Full HP vs 50% HP|Full HP vs 80% HP|Same regardless of party size","Full HP (100%) vs 75% HP — 33% more HP","","Bosses have 75% of their original hitpoints at 3 or fewer players, 87.5% at 4 players, and full 100% at 5 players."
Skill Unlocks,multiple_choice,"What Woodcutting level is required to chop magic trees?","70|73|75|80","75","","Magic trees require 75 Woodcutting. They give 250 XP per log and are one of the most contested trees for high-level Woodcutting training."
Skill Unlocks,multiple_choice,"What Mining level is required to mine runite ore?","80|82|85|90","85","","Runite ore requires level 85 Mining. It gives 125 XP per ore and is one of the highest-value standard ores in the game."
Skill Unlocks,multiple_choice,"What Slayer level is required to kill Abyssal demons?","80|82|85|87","85","","Abyssal demons require 85 Slayer. They are notable for dropping the Abyssal whip, one of the most iconic weapons in the game."
Skill Unlocks,multiple_choice,"What Slayer level is required to kill Cave krakens?","85|87|90|92","87","","Cave krakens require 87 Slayer. The boss version — the Kraken — drops the Kraken tentacle and Trident of the seas."
Skill Unlocks,multiple_choice,"What Slayer level is required to kill Cerberus?","88|90|91|95","91","","Cerberus requires 91 Slayer. Located in Hellhound dungeon, she drops the three primordial, pegasian, and eternal crystals used to upgrade the best-in-slot boots."
Skill Unlocks,multiple_choice,"What Slayer level is required to kill Hydra?","92|93|95|98","95","","The Alchemical Hydra requires 95 Slayer. It drops the Hydra tail (for Brimstone ring), Hydra leather (for Ferocious gloves), and the Dragon hunter lance/wand."
Skill Unlocks,multiple_choice,"What Slayer level is required to kill Gargoyles?","72|75|80|82","75","","Gargoyles require 75 Slayer. They must be finished with a rock hammer (or similar) to kill. They drop the Granite maul."
Skill Unlocks,multiple_choice,"What Herblore level is required to make a Super restore potion?","60|63|66|70","63","","Super restore requires 63 Herblore (snapdragon + red spiders' eggs) and restores all stat drains including Prayer — making it better than prayer potions in many scenarios."
Skill Unlocks,multiple_choice,"What Herblore level is required to make a Saradomin brew?","78|80|81|85","81","","Saradomin brew requires 81 Herblore (toadflax + crushed nest). It heals HP and boosts Defence but temporarily reduces Attack, Strength, Magic, and Ranged."
Skill Unlocks,multiple_choice,"What Magic level is required for Ice Barrage on the Ancient Magicks spellbook?","92|94|96|99","94","","Ice Barrage is the highest Ancient Magic spell, requiring 94 Magic. It deals up to 30 damage, freezes for 20 ticks, and hits multiple targets in a 3x3 AoE."
Skill Unlocks,multiple_choice,"What Magic level is required for Teleblock?","82|85|88|90","85","","Teleblock requires 85 Magic and prevents the target from teleporting for 5 minutes (2.5 minutes if they have Protect from Magic active). It is a Wilderness staple."
Skill Unlocks,multiple_choice,"What Crafting level is required to cut a zenyte gem?","85|87|89|93","89","","Zenyte requires 89 Crafting to cut. It is used to make zenyte jewellery — the best-in-slot jewellery pieces for various combat styles."
Skill Unlocks,multiple_choice,"What level Construction is required to build a gilded altar?","70|73|75|80","75","","A gilded altar requires 75 Construction. With both incense burners lit by a servant, it gives 3.5× Prayer XP on bones — the most efficient way to train Prayer."
Skill Unlocks,multiple_choice,"What Agility level is required for the Prifddinas rooftop agility course?","73|75|77|80","75","","The Prifddinas rooftop course requires 75 Agility and gives some of the best Agility XP per hour in the game, along with crystal shards as a reward."
Skill Unlocks,multiple_choice,"What Fishing level is required to catch anglerfish?","80|82|84|87","82","","Anglerfish require 82 Fishing and are caught in Piscarillius using sandworms. They can heal above maximum HP — unique among non-special foods."
Skill Unlocks,multiple_choice,"What Smithing level is required to smith a rune platebody?","95|97|99|100","99","","A rune platebody requires 99 Smithing — the only item in the game requiring the maximum level in Smithing to create. This is a common milestone for Smithing-focused players."
Skill Unlocks,multiple_choice,"What Farming level is required to grow a spirit tree?","83|85|88|91","83","","Spirit trees require 83 Farming to plant. They grow in special spirit tree patches and can be used for free teleportation once grown."
Skill Unlocks,multiple_choice,"What Fletching level is required to make dragon arrows?","90|92|95|98","92","","Dragon arrows require 92 Fletching and are the highest-tier standard arrows in OSRS. They can only be used with the twisted bow, dragon crossbow, or dark bow at full effectiveness."
Skill Unlocks,multiple_choice,"What Runecraft level is required to craft death runes?","65|70|74|80","65","","Death runes require 65 Runecraft. Crafting them at the Death Altar gives good XP and profit, requiring law runes to teleport via the Arceuus spellbook or using fairy rings."
Skill Unlocks,multiple_choice,"What level Agility is required to run through the Wilderness Agility course?","52|55|60|65","52","","The Wilderness Agility course requires 52 Agility. It is inside the Wilderness (dangerous for PvP) and gives a very short but high-XP-rate course for early mid-level training."
Skill Unlocks,multiple_choice,"What Thieving level is required to pickpocket Elves in Prifddinas?","85|88|91|95","91","","Elves require 91 Thieving to pickpocket and are one of the best Thieving training methods at high levels, giving good XP and the chance of crystal shards and enhanced crystal teleport seeds."
Skill Unlocks,multiple_choice,"What Hunter level is required to catch black chinchompas in the Wilderness?","73|80|83|88","73","","Black chinchompas require 73 Hunter. They are caught in level 32–36 Wilderness, making them dangerous to collect but very profitable as the best chinchompa for Ranged training."
Skill Unlocks,multiple_choice,"What level Magic is required to cast Vengeance on the Lunar spellbook?","90|92|94|96","94","","Vengeance requires 94 Magic (Lunar spellbook). It returns 75% of the next hit taken back to the attacker and is used extensively in PvP and bossing."
Skill Unlocks,true_false,"Infernal eels can only be caught at level 80 Fishing in Mor Ul Rek, the TzHaar city.","","true","","True. Infernal eels require 80 Fishing and are only available in Mor Ul Rek. They can be cracked open for Onyx bolts, Tokkul, and Lava scale shards."
Bosses,multiple_choice,"What are the three forms of Zulrah?","Serpentine (melee), Magma (ranged), Tanzanite (magic)|Venom, Lava, Mist|Green, Red, Blue|Melee, Range, Hybrid","Serpentine (melee), Magma (ranged), Tanzanite (magic)","","Zulrah switches between three forms: Serpentine (green, magic attacks), Magma (red, ranged attacks), and Tanzanite (blue, magic again). Learning the rotation is key."
Bosses,multiple_choice,"What quest is required to access the Corporeal Beast?","Summer's End|The Pursuit of Knowledge|Ghosts Ahoy|Haunted Mine","Summer's End","","Summer's End is required to access the Spirit Realm where the Corporeal Beast lives. It is the final quest in the Spirit of Summer series."
Bosses,multiple_choice,"What are the three Dagannoth Kings named?","Rex, Prime, and Supreme|Rho, Sigma, and Tau|Alpha, Beta, and Gamma|Gold, Silver, and Bronze","Rex, Prime, and Supreme","","Dagannoth Rex is weak to Melee, Dagannoth Prime is weak to Magic, and Dagannoth Supreme is weak to Ranged. They are in the Waterbirth Island dungeon."
Bosses,multiple_choice,"Which Dagannoth King is weak to Magic attacks?","Dagannoth Prime|Dagannoth Rex|Dagannoth Supreme|All three equally","Dagannoth Prime","","Dagannoth Prime (the blue one) is weak to Magic. Rex is weak to Melee and Supreme is weak to Ranged. They all drop the iconic Berserker, Archer, Seers, and Warrior rings."
Bosses,multiple_choice,"What quest is required to access Zulrah?","Regicide|Underground Pass|Mourning's Ends Part I|Biohazard","Regicide","","Regicide unlocks the Underground Pass shortcut to Tirannwn, which is required to access Zul-Andra and fight Zulrah."
Bosses,multiple_choice,"Where is the Kalphite Queen located?","Kalphite Lair, accessible via Shantay Pass|Zanaris|Sophanem|Underground Pass","Kalphite Lair, accessible via Shantay Pass","","The Kalphite Queen is accessed via a tunnel in the Kalphite Lair west of the Shantay Pass. She requires Shantay Pass access and is one of OSRS's original hard bosses."
Bosses,true_false,"The Corporeal Beast can have its special attack specials reduced by using a spear as the attacking weapon.","","true","","True. The Corporeal Beast takes 50% reduced damage from all weapons EXCEPT spears and halberds. It also has a mechanic where it kills familiars and reduces specs from halberds only by 25%."
Bosses,multiple_choice,"What does the Demonic gorilla switch its protection prayer to after?","After taking 70+ damage from the same style|Every 5 attacks|When HP drops below 50%|Every 30 seconds","After taking 70+ damage from the same style","","Demonic gorillas switch their protection prayer after taking 70+ damage from the same attack style. They spawn with a random prayer active."
Bosses,multiple_choice,"What is the Nightmare of Ashihama also commonly called?","The Nightmare|Phosani's Nightmare|Dream Mentor|Ashihama Beast","The Nightmare","","The Nightmare of Ashihama (commonly just 'The Nightmare') is a boss in Slepe. Phosani's Nightmare is a solo variant. She drops the Inquisitor's armour, nightmare staff, and Orb of Oculus."
Bosses,multiple_choice,"What skill is primarily used to damage the Wintertodt, the boss associated with Firemaking?","Firemaking|Magic|Ranged|Combat is not used","Firemaking","","The Wintertodt is not killed through combat — it's damaged by bruma kindling (Firemaking). Combat stats affect the healing from brazier flames. Located in the Great Kourend snowfield."
Bosses,multiple_choice,"What sigil drops from the Corporeal Beast are used to make spirit shields?","Elysian, Spectral, Arcane, and Spirit sigils|Holy, Unholy, Cursed, and Blessed sigils|Divine, Spectral, Arcane, and Elysian sigils|Spirit, Serenic, Vengeful, and Elysian sigils","Elysian, Spectral, Arcane, and Spirit sigils","","The four sigils from Corp (Elysian, Spectral, Arcane, Spirit) are combined with a blessed spirit shield to create the four spirit shields. The Elysian is the rarest and most valuable."
Bosses,multiple_choice,"What is the final wave of the TzHaar Fight Cave?","Wave 60|Wave 63|Wave 65|Wave 69","Wave 63","","The TzHaar Fight Cave has 63 waves. The final wave features TzTok-Jad, the boss. Completing the cave rewards the Fire cape."
Bosses,multiple_choice,"What is the final wave of the Inferno?","Wave 63|Wave 66|Wave 69|Wave 72","Wave 69","","The Inferno has 69 waves. The final boss is TzKal-Zuk. Completing it gives the Infernal cape — the best-in-slot melee cape in the game."
Bosses,true_false,"TzTok-Jad's healing minions, the Yt-HurKots, can be killed to prevent them from healing Jad.","","true","","True. The Yt-HurKots (healers) can be lured onto Jad so they heal him less effectively, or killed outright. Managing them while prayer switching is the key challenge."
Bosses,multiple_choice,"What is the name of the boss at the end of the Inferno?","TzKal-Zuk|TzTok-Jad|Ket-Zek|Jal-Zuk","TzKal-Zuk","","TzKal-Zuk is the final boss of the Inferno on wave 69. Defeating him rewards the Infernal cape. TzTok-Jad is the final boss of the Fight Cave (an easier predecessor)."
Bosses,multiple_choice,"What attack style is General Graardor's ranged attack, and who does it hit?","It hits everyone in the room|It only hits the player with aggro|It hits a random player|It is a single-target poison attack","It hits everyone in the room","","Graardor's ranged attack (up to 35 damage) hits every player in the room simultaneously. Players should use Protect from Ranged while non-tanks use Protect from Melee."
Items & Equipment,multiple_choice,"What does the twisted bow's damage scale with?","The target's Magic level|The player's Ranged level|The player's Magic level|The target's Defence level","The target's Magic level","","The twisted bow scales its accuracy and max hit with the target's Magic level — making it exceptionally powerful against high-Magic bosses like Chambers of Xeric bosses, God Wars bosses, and Raids."
Items & Equipment,multiple_choice,"What is the best-in-slot off-hand melee item, obtained by upgrading a dragon defender with a Theatre of Blood drop?","Avernic defender|Bandos godsword|Dragon defender|Dragonfire shield","Avernic defender","","The Avernic defender is made by combining a dragon defender with the Avernic defender hilt from ToB. It gives +18 slash attack and +18 defence bonuses."
Items & Equipment,multiple_choice,"What item must be combined with a Hydra tail to create the Brimstone ring?","Hydra tail alone creates it|It's combined with a berserker ring|Hydra tail + 3 pieces of Hydra armour|No combination — it's a direct drop","Hydra tail alone creates it","","The Brimstone ring is created by using a Hydra tail on a Hydra head drop. Wait — actually the Brimstone ring is assembled from three ring pieces dropped by the Hydra. The Hydra tail is used to create the Ferocious gloves from Hydra leather."
Items & Equipment,multiple_choice,"What is the only cape that outclasses the fire cape for melee purposes?","Infernal cape|Mythical cape|Max cape|Ardougne cloak 4","Infernal cape","","The Infernal cape provides +8 Strength bonus (vs fire cape's +4). It also has +4 prayer bonus, matching a trimmed skillcape. It requires completing the Inferno."
Items & Equipment,multiple_choice,"What item is used to recharge the Scythe of Vitur?","Vials of blood and vyre feathers|Vials of blood and blood runes|Blood runes only|Dragon scales and blood runes","Vials of blood and vyre feathers","","The Scythe of Vitur is recharged with vials of blood (dropped in ToB) and vyre feathers. Each charge costs approximately 834 coins per hit, making it expensive to use."
Items & Equipment,true_false,"The Elysian spirit shield has a passive 70% chance to reduce incoming damage by 25%.","","true","","True. The Elysian spirit shield has a 70% chance to reduce the next hit by 25%. It is assembled from an Elysian sigil (dropped by Corporeal Beast) and a blessed spirit shield."
Items & Equipment,multiple_choice,"What weapon from the God Wars Dungeon is used to create the Zamorakian hasta?","Zamorakian spear|Dragon spear|Ancient staff|Barrelchest anchor","Zamorakian spear","","The Zamorakian hasta is made by taking a Zamorakian spear to Otto Godblessed (requiring completion of Barbarian Training). It can be one-handed, unlike the spear."
Items & Equipment,multiple_choice,"What item is needed to equip the Abyssal tentacle, and what is the base item?","Abyssal whip + Kraken tentacle|Whip vine + Slayer's staff|Abyssal dagger + tentacle|Toxic blowpipe + tentacle","Abyssal whip + Kraken tentacle","","The Abyssal tentacle is made by combining an Abyssal whip with a Kraken tentacle (from the Kraken boss). It is a slightly better version of the whip but degrades."
Items & Equipment,multiple_choice,"What does the dragon warhammer's special attack do?","Reduces target's Defence by 30%|Deals 50% extra damage|Stuns for 5 seconds|Hits twice","Reduces target's Defence by 30%","","The dragon warhammer's special attack (50% spec bar) has a 25% chance to reduce the target's Defence level by 30%. It is staple for raiding parties to lower boss defence."
Items & Equipment,multiple_choice,"What is the maximum hit of Ice Barrage?","25|28|30|35","30","","Ice Barrage has a max hit of 30. It is the highest-hitting spell in the Ancient Magicks spellbook and the best spell for multi-target freezing (3x3 AoE)."
Items & Equipment,multiple_choice,"Which item from Chambers of Xeric is used to create the Kodai wand?","Kodai insignia|Twisted orb|Elder maul|Arcane prayer scroll","Kodai insignia","","The Kodai wand is created by attaching a Kodai insignia (unique CoX drop) to a Master wand. It is the best-in-slot magic weapon for standard spellcasting, with unlimited water rune supply."
Items & Equipment,multiple_choice,"What does the Berserker ring (i) provide when imbued at the Nightmare Zone?","Double its original bonus (+8 Strength bonus)|+4 Ranged bonus|+4 Magic bonus|+4 Prayer bonus","Double its original bonus (+8 Strength bonus)","","Imbuing the Berserker ring at NMZ doubles its bonuses from +4 to +8 Strength bonus, costing 650,000 NMZ points. Same applies to all four Dagannoth King rings."
Items & Equipment,multiple_choice,"What unique item is required in the ammunition slot to use the Twisted bow's full special effects?","Nothing — it uses arrows normally|Dragon arrows are required|Amethyst arrows are required|Rune arrows at minimum","Nothing — it uses arrows normally","","The Twisted bow uses arrows like a regular bow. Dragon arrows provide the highest max hit, but the bow functions with any arrow type."
Items & Equipment,multiple_choice,"What is the cost to imbue a Black mask at the Nightmare Zone?","650,000 points|1,250,000 points|2,000,000 points|500,000 points","1,250,000 points","","The Black mask costs 1,250,000 NMZ points to imbue. Once imbued it works as a Slayer helmet (i) — providing the +15%/+15% bonus in all combat styles, not just melee."
Locations & NPCs,multiple_choice,"Where is the Grand Exchange located?","North-west of Varrock|North of Falador|East of Lumbridge|West of Ardougne","North-west of Varrock","","The Grand Exchange is north-west of Varrock. It allows players to buy and sell items with other players without meeting face-to-face, and has a spirit tree and fairy ring nearby."
Locations & NPCs,multiple_choice,"What fairy ring code brings you to Canifis?","BKR|AIQ|CKR|DKS","BKR","","Fairy ring BKR teleports to Canifis, the hub of Morytania. It is one of the most commonly used fairy rings for Barrows, Slayer tasks, and the Myreque quest series."
Locations & NPCs,multiple_choice,"What is the minimum Crafting level and item required to enter the Crafting Guild?","40 Crafting and a brown apron|50 Crafting and a crafting cape|40 Crafting only|45 Crafting and a leather top","40 Crafting and a brown apron","","The Crafting Guild near Rimmington requires 40 Crafting and wearing a brown apron (or Crafting cape). The Crafting cape removes the apron requirement."
Locations & NPCs,multiple_choice,"What NPC in Taverley sells the Herblore cape?","Kaqemeex|Sanfew|Brimstail|Master Farmer","Kaqemeex","","Kaqemeex is the druid in Taverley who sells the Herblore cape. He was also involved in the Druidic Ritual quest, the prerequisite for Herblore."
Locations & NPCs,multiple_choice,"What city serves as the main hub of Great Kourend?","Shayzien|Hosidius|Kourend Castle|Civitas illa Fortis","Civitas illa Fortis","","Civitas illa Fortis is the capital city of Great Kourend, added to OSRS to serve as the central hub. It replaced the older Kourend Castle teleport as the region's main city."
Locations & NPCs,multiple_choice,"Where is the Nature Altar, used for crafting Nature runes?","Karamja jungle, south of Shilo Village|Edgeville dungeon|North of Ardougne|East of Canifis","Karamja jungle, south of Shilo Village","","The Nature Altar is in Karamja, south of Shilo Village. Players commonly use fairy ring code CKR and run south to reach it quickly."
Locations & NPCs,multiple_choice,"Who is the NPC that gives access to the Rune essence mine after completing Rune Mysteries?","Aubury in Varrock|Sedridor in Wizard's Tower|Both Aubury and Sedridor (and others)|Only the Wizard Traiborn","Both Aubury and Sedridor (and others)","","Multiple NPCs can teleport players to the Rune essence mine after Rune Mysteries: Aubury in Varrock, Sedridor in the Wizard's Tower, and others."
Locations & NPCs,multiple_choice,"What fairy ring code brings you to Mudskipper Point?","AIQ|BKR|CKR|DLR","AIQ","","Fairy ring AIQ brings you to Mudskipper Point, south of Port Sarim — near Thurgo the dwarf, who sells the Smithing cape."
Locations & NPCs,multiple_choice,"Where is the Blast Furnace located?","Keldagrim|Falador|East Ardougne|Dwarven Mine","Keldagrim","","The Blast Furnace is in Keldagrim, the dwarven city accessed via the Troll Stronghold or boat from the Grand Exchange area. It smelts bars at half the coal cost."
Locations & NPCs,multiple_choice,"What NPC in Draynor Village gives you access to the Wise Old Man's house and all his quests?","The Wise Old Man himself|Leela|Sir Amik Varze|Vannaka","The Wise Old Man himself","","The Wise Old Man lives in Draynor Village and is a major character in the Shield of Arrav and Dragon Slayer series lore. He sells the Quest Point cape for 99,000 coins."
Locations & NPCs,multiple_choice,"In which city does the TzHaar Fight Cave exist?","Mor Ul Rek|Zanaris|TzHaar City|Keldagrim","Mor Ul Rek","","Mor Ul Rek (also called TzHaar City) is accessed through the Karamja Volcano. It contains the Fight Cave, the Inferno, and TzHaar shops for tokkul."
Locations & NPCs,multiple_choice,"What dungeon is located beneath the city of Sophanem and features in the quest Beneath Cursed Sands?","The Tombs of Amascut|The Jaldraocht Pyramid|Pyramid Plunder|The Agility Pyramid","The Tombs of Amascut","","The Tombs of Amascut raid is located beneath Sophanem. It is the third raid in OSRS and requires 'Beneath Cursed Sands' to access. The final boss is Tumeken's Warden."
Locations & NPCs,multiple_choice,"Where is the entrance to the Corsair Cove dungeon?","West of Corsair Cove, in the Kebos region|North-east Karamja|South of Ardougne|West of the Myths' Guild","West of Corsair Cove, in the Kebos region","","The Corsair Cove dungeon is west of Corsair Cove on the south-west of the mainland. It was introduced alongside The Corsair Curse quest."
Locations & NPCs,true_false,"The Rogues' Den in Burthorpe requires level 50 Thieving and 50 Agility to access the safe cracking mini-game inside.","","false","","False. The Rogues' Den itself has no entry requirements. The Thieving cape seller (Martin Thwait) is found here, and the Flash Powder Factory minigame is also here."
Minigames & Activities,multiple_choice,"What level is required to enter the TzHaar Fight Cave?","No level requirement — anyone can enter|60 Attack and Defence|Combat level 80|Completion of Karamja Diary Easy","No level requirement — anyone can enter","","There is no level requirement to enter the Fight Cave. However, surviving it practically requires very high combat stats. The Fire cape reward requires completing all 63 waves."
Minigames & Activities,multiple_choice,"What is the point cost to purchase a Void knight top from the Pest Control store?","200 points|250 points|350 points|400 points","250 points","","The Void knight top costs 250 Pest Control points. The full void set (top, robe, gloves, helmet) costs 1,700 points total. Void is accessible and useful for multiple combat styles."
Minigames & Activities,multiple_choice,"Where is the Nightmare Zone minigame located?","Yanille|Falador|Varrock|Edgeville","Yanille","","The Nightmare Zone is located in Yanille, north of the bank. It is used for imbuing items, training combat, and obtaining herb boxes and rewards."
Minigames & Activities,multiple_choice,"What is the reward for fully completing the TzHaar Fight Cave (defeating TzTok-Jad)?","Fire cape|Infernal cape|Tokkul-Zo ring|Uncut onyx","Fire cape","","The Fire cape is the reward for completing all 63 waves of the Fight Cave. It provides +4 Strength bonus and was best-in-slot melee cape until the Infernal cape."
Minigames & Activities,multiple_choice,"What is the Barbarian Assault minigame's most notable unique reward used to upgrade Fighter torso?","Fighter torso itself is the reward|Granite body|Penance armour sets|Fighter hat","Fighter torso itself is the reward","","The Fighter torso (Penance torso) is obtained directly as a Barbarian Assault reward. It provides the same Strength bonus as a Bandos chestplate but no defensive stats."
Minigames & Activities,multiple_choice,"What does the Castle Wars game reward, used primarily for cosmetics?","Castle wars tickets and armour sets|Combat XP|Slayer points|Zeal tokens","Castle wars tickets and armour sets","","Castle Wars rewards tickets used to buy decorative armour sets (Saradomin/Zamorak) and other cosmetics. It has no combat benefit but is a popular social minigame."
Minigames & Activities,multiple_choice,"What resource does the Tempoross boss primarily reward?","Fish barrel, big harpoonfish, and spirit angler's outfit|Runes and gems|Herblore secondaries|Woodcutting supplies","Fish barrel, big harpoonfish, and spirit angler's outfit","","Tempoross rewards players with fish barrel (doubles fishing inventory), spirit angler's outfit (5% Fishing XP boost), big harpoonfish (high-healing food), and Tackle boxes."
Minigames & Activities,true_false,"The Hallowed Sepulchre has a minimum Agility level of 52 to enter the first floor.","","true","","True. The Hallowed Sepulchre has five floors with increasing Agility requirements: floor 1 requires 52, floor 2 requires 62, floor 3 requires 72, floor 4 requires 82, and floor 5 requires 92."
Minigames & Activities,multiple_choice,"What outfit is obtained from the Hallowed Sepulchre that gives a Thieving XP boost and Agility XP boost?","Dark graceful recolour (Strange old lockpick for Agility)|Sepulchre outfit|Hallowed outfit|Shadow graceful","Hallowed outfit","","The Hallowed outfit from the Sepulchre is a Thieving and Agility XP boost set. Players can also obtain the strange old lockpick and dark graceful recolour pieces here."
Minigames & Activities,multiple_choice,"What is the Wintertodt minigame primarily used to train?","Firemaking|Woodcutting|Herblore|Farming","Firemaking","","Wintertodt is the main training method for Firemaking at higher levels. It gives supply crates as loot which scale with Woodcutting, Herblore, Mining, Farming, and Fishing levels."
Minigames & Activities,multiple_choice,"What outfit from the Wintertodt gives a 2.5% Firemaking XP bonus per piece (up to 12.5% total)?","Pyromancer outfit|Lumberjack outfit|Prospector kit|Farmer's outfit","Pyromancer outfit","","The Pyromancer outfit is obtained from supply crates at Wintertodt. Each of the 4 pieces gives 2.5% bonus Firemaking XP (plus a 0.5% set bonus), for a total 2.5% per piece."
Minigames & Activities,multiple_choice,"What do chompy birds require in order to be killed, and what is the primary reward for hunting them?","Ogre bow and arrows — reward: Chompy bird hat|Any ranged weapon — reward: Chompy pet|Any weapon — reward: Chompy plumes|Magic spells only — reward: Bird nests","Ogre bow and arrows — reward: Chompy bird hat","","Chompy bird hunting uses ogre composite bows with ogre or brutal arrows. Killing 1000 chompies unlocks the full Chompy bird hat set. Required for the Western Provinces Elite Diary."
Quests,multiple_choice,"What quest must be completed to wield the Dragon Scimitar?","Monkey Madness I|Lost City|Waterfall Quest|Heroes' Quest","Monkey Madness I","","Monkey Madness I is required to equip the dragon scimitar — the best-in-slot melee weapon for training until the abyssal whip. Attack level 60 is also required."
Quests,multiple_choice,"What quest rewards the ability to use Ancient Magicks?","Desert Treasure I|Lunar Diplomacy|Dream Mentor|The Dig Site","Desert Treasure I","","Desert Treasure I unlocks the Ancient spellbook (Ancient Magicks) upon completion. It requires 53 Thieving, 50 Firemaking, 10 Slayer, and 53 Magic."
Quests,multiple_choice,"What quest unlocks the Lunar spellbook?","Lunar Diplomacy|Dream Mentor|Pirate's Treasure|Cabin Fever","Lunar Diplomacy","","Lunar Diplomacy unlocks the Lunar spellbook. It requires several skills including 65 Magic, 61 Crafting, 40 Defence, 49 Firemaking, 65 Herblore, and 55 Woodcutting."
Quests,multiple_choice,"How many Quest Points are required to wear the Quest Point cape?","All quests (varies)|200|290|300","All quests (varies)","","The Quest Point cape requires completion of ALL quests. As the quest list grows, the required points change. The cape is sold by the Wise Old Man in Draynor Village."
Quests,multiple_choice,"What quest gives access to the Barrows area?","Priest in Peril|Darkness of Hallowvale|In Aid of the Myreque|No quest required — just travel there","No quest required — just travel there","","The Barrows area itself requires no quest. However, Priest in Peril is needed to enter Morytania where Barrows is located."
Quests,multiple_choice,"Which quest is required to access the Fairy Ring network?","Fairytale II — Cure a Queen (partially)|Lost City|A Fairy Tale Part I|Enlightened Journey","Fairytale II — Cure a Queen (partially)","","Fairytale II must be started (not completed) to use fairy rings without a Dramen or Lunar staff. Alternatively, complete Fairy Tale Part I and carry the staff."
Quests,multiple_choice,"What is the minimum Attack level requirement to equip a rune scimitar?","40|45|50|55","40","","A rune scimitar requires 40 Attack. It is the best scimitar available to free-to-play players and a common training weapon for mid-level mains."
Quests,multiple_choice,"What quest is required to access Ape Atoll, home of the Monkey Madness series?","Monkey Madness I begins the access|Legends' Quest|Jungle Potion|Druidic Ritual","Monkey Madness I begins the access","","Monkey Madness I is the quest that takes players to Ape Atoll. The sequel, Monkey Madness II, features the Demonic Gorillas boss."
Wilderness Bosses,multiple_choice,"What item does the Chaos Fanatic always drop?","Odium shard 1 or 2 or 3|Malediction shard|Odium shard 2|Ancient staff","Odium shard 2","","The Chaos Fanatic always drops the Odium shard 2. Chaos Elemental drops shard 3, and Scorpia drops neither — Saradomin's murmur/whisper are Chaos Fanatic's uniques."
Wilderness Bosses,multiple_choice,"What unique item does Scorpia drop that is used to make the Odium ward?","Nothing — she drops Malediction shards|Odium shards 1 and 2|Scorpia's offspring pet and Odium/Malediction shards|Malediction shard 3 or Odium shard 3","Malediction shard 3 or Odium shard 3","","Scorpia drops Malediction shard 3 and Odium shard 3. The Malediction ward and Odium ward are assembled from all three shards from different Wilderness bosses."
Wilderness Bosses,multiple_choice,"What Wilderness level is the Chaos Elemental located at?","Level 50|Level 55|Level 60|Level 66","Level 50","","The Chaos Elemental roams around level 50 Wilderness, south of the Rogues' Castle. It is one of the original Wilderness bosses from classic RuneScape."
Wilderness Bosses,multiple_choice,"What is the Callisto boss weak to, and what weapon type is most commonly used against it?","Melee — specifically a bludgeon or crush weapon|Ranged only|Magic with fire spells|All styles equally","Melee — specifically a bludgeon or crush weapon","","Callisto is weak to crush attacks. The Viggora's chainmace (with Revenant ether) or Osmumten's fang are common picks. It is the strongest bear-type boss in the game."
Wilderness Bosses,multiple_choice,"What pets can be obtained from the three Wilderness bosses (Callisto, Venenatis, Vet'ion)?","Callisto cub, Venenatis spiderling, Vet'ion jr.|Chaos pup, Scorpion jr., Web spider|Bear cub, Arachnid jr., Giant jr.|Grizzly cub, Tiny fang, Viggora jr.","Callisto cub, Venenatis spiderling, Vet'ion jr.","","Each Wilderness boss has a pet version: Callisto's cub is a bear, Venenatis's spiderling is a spider, and Vet'ion jr. is a skeletal hellhound."
Wilderness Bosses,true_false,"The Revenant Caves in the Wilderness are a multi-combat zone where players can be attacked by other players.","","true","","True. The Revenant Caves are a multi-combat Wilderness area around level 17–40 Wilderness. They are heavily contested by PKers due to the Revenant ether drops and ancient items."
Items & Equipment,multiple_choice,"What is the special attack of the Armadyl godsword?","Deals 25% extra damage with 62% accuracy|Freezes the target for 5 seconds|Reduces target's Magic defence by 30%|Hits twice in rapid succession","Deals 25% extra damage with 62% accuracy","","The Armadyl godsword special (Judgement, 50% spec) deals 25% extra damage with doubled accuracy. It's the highest-max-hit spec in the game and a PKing staple."
Items & Equipment,multiple_choice,"What is the special attack of the Bandos godsword?","Hits all nearby enemies|Reduces target's combined defensive stats by 1 per damage hit|Lowers target's Strength by 15%|Guaranteed hit ignoring all defence","Reduces target's combined defensive stats by 1 per damage hit","","The Bandos godsword special (Warstrike, 65% spec) reduces the target's defensive stats by 1 for each point of damage dealt. Best used with very high-hitting specs."
Items & Equipment,multiple_choice,"What level Ranged and Defence are required to wear Armadyl armour?","70 Ranged and 70 Defence|65 Ranged and 65 Defence|75 Ranged and 70 Defence|70 Ranged and 65 Defence","70 Ranged and 70 Defence","","Armadyl armour requires 70 Ranged and 70 Defence. It is the best-in-slot Ranged armour in the game and drops from Kree'arra and her bodyguards in the God Wars Dungeon."
Items & Equipment,multiple_choice,"What is the Toxic blowpipe made from, and what level Fletching does it require?","Tanzanite fang (from Zulrah) + 53 Fletching|Serpentine fang + 65 Fletching|Venom gland (from Zulrah) + 65 Fletching|Tanzanite fang + 65 Fletching","Tanzanite fang (from Zulrah) + 53 Fletching","","The Toxic blowpipe is made by combining a tanzanite fang (dropped by Zulrah) with darts. It requires only 53 Fletching to make and 75 Ranged to equip."
Items & Equipment,free_response,"What two items are combined to create the Abyssal bludgeon?","","Bludgeon spine, axon, and claw (three pieces combined)|Abyssal orphan pet","bludgeon|spine|axon|claw","The Abyssal bludgeon is assembled from three pieces: the bludgeon spine, bludgeon axon, and bludgeon claw — all dropped by Unsired at the Abyssal Nexus (via Abyssal Sire boss)."
Items & Equipment,multiple_choice,"What Defence level is required to equip the Bandos chestplate?","65|70|75|80","65","","Bandos chestplate (and tassets and boots) require 65 Defence. Despite needing lower Defence than Armadyl, Bandos is pure melee armour and drops from General Graardor."
Skill Unlocks,multiple_choice,"What Runecraft level is required to craft blood runes at the Blood Altar in Arceuus?","60|70|77|85","77","","Blood runes require 77 Runecraft to craft at the Blood Altar in Kourend. Using the dark altar nearby gives 1.5× the runes, requiring 77 Runecraft and Arceuus favour."
Skill Unlocks,multiple_choice,"What Farming level is required to grow snapdragons?","62|67|71|75","62","","Snapdragons require 62 Farming to plant. They are a highly profitable herb used to make Super restore and Prayer potions."
Skill Unlocks,multiple_choice,"What level Magic is required to cast High Level Alchemy?","53|55|59|65","55","","High Level Alchemy (High Alch) requires 55 Magic and converts items to gold at 60% of general store price. It is one of the most commonly used spells in the game."
Skill Unlocks,multiple_choice,"At what Firemaking level does the tinderbox become unnecessary when using a knife on a log?","72|78|85|90","72","","At 72 Firemaking and 72 Woodcutting, the Barbarian firemaking technique (using a knife on a log) becomes available. Learned from Otto Godblessed during Barbarian Training."
Skill Unlocks,multiple_choice,"What Mining level is required to mine amethyst crystals?","82|85|92|97","92","","Amethyst requires 92 Mining and is found in the Mining Guild basement. It's used to make amethyst arrows, javelins, darts, and bolts."
Bosses,multiple_choice,"What prayer should players primarily use when fighting Vorkath?","Protect from Magic (most hits)|Protect from Ranged|Eagle Eye|Piety","Protect from Magic (most hits)","","Vorkath uses all three attack styles, but the majority of his attacks are Magic. Protect from Magic is best during his standard rotation. He also uses special attacks like the Quick Prayer and Acid special."
Bosses,multiple_choice,"How many times does Vorkath use its dragonfire/prayer disable breath before switching to the acid special?","3|5|6|9","6","","Vorkath fires 6 standard attacks before launching a special: either the prayer-disabling breath attack followed by a fireball, or the acid pool special."
Bosses,multiple_choice,"What is the name of the Zalcano boss fight's primary mechanic?","Mining imbued tephra|Fishing in lava|Farming goldenleaf|Smithing ores","Mining imbued tephra","","Zalcano is unique in that it is primarily a Skilling boss fought using Mining (imbued tephra) and Runecraft/Smithing elements, not combat stats. Ranged is used briefly to stun her."
Bosses,multiple_choice,"Where is the Sarachnis boss located?","Forthos Dungeon, south-east of Shayzien|Slayer Tower, top floor|Catacombs of Kourend|Iorwerth Dungeon","Forthos Dungeon, south-east of Shayzien","","Sarachnis is in the Forthos Dungeon. She drops the Sarachnis cudgel and Jar of eyes. Her spawn cave is accessible via a webs room requiring a knife or slash weapon."
Bosses,multiple_choice,"What Slayer level is required to be assigned the Alchemical Hydra as a Slayer task?","92|95|97|99","95","","Alchemical Hydra requires 95 Slayer. It is assigned only by Konar quo Maten in the Karuulm Slayer Dungeon. Boots of stone, brimstone boots, or granite boots are required to walk the dungeon floors."
Minigames & Activities,multiple_choice,"What is the reward currency of the Tithe Farm minigame used for?","Farming equipment including magic secateurs and farmer's outfit|Prayer XP|Smithing supplies|Herblore secondaries","Farming equipment including magic secateurs and farmer's outfit","","Tithe Farm rewards points used to buy magic secateurs (+10% herb yield), the farmer's outfit (2.5% Farming XP bonus per piece), auto-weed, and other Farming tools."
Minigames & Activities,multiple_choice,"What unique item from the Hallowed Sepulchre allows players to enter all floors without per-floor Agility requirements?","Strange old lockpick|Hallowed grapple|Dark graceful cape|Ring of the sepulchre","Strange old lockpick","","The strange old lockpick from the Hallowed Sepulchre lets players bypass the floor-specific Agility requirements. It has 100 charges and degrades. Very useful for lower-level players."
Minigames & Activities,multiple_choice,"What is the Soul Wars activity's primary mechanic?","Killing NPCs and players to gather soul fragments for the Soul Obelisk|Capturing flags like Castle Wars|Defending a central boss|Escorting an item across the map","Killing NPCs and players to gather soul fragments for the Soul Obelisk","","Soul Wars requires teams to kill NPCs and players to collect soul fragments (soul count), then use them to power the Soul Obelisk and weaken the opponent's Avatar, which must then be killed."
Locations & NPCs,multiple_choice,"Where is the Farming Guild located, and what Farming level is required to enter?","Hosidius, Great Kourend — 45 Farming (60 for advanced section)|Draynor Village — 40 Farming|Catherby — 50 Farming|Ardougne — 55 Farming","Hosidius, Great Kourend — 45 Farming (60 for advanced section)","","The Farming Guild is north of Hosidius in Great Kourend. The basic section requires 45 Farming; the advanced section (with anima patch and spirit tree patch) requires 60 Farming."
Locations & NPCs,multiple_choice,"What NPC in Edgeville runs the Slayer master duties for low-level players and free-to-play?","Vannaka|Turael|Mazchna|Krystilia","Turael","","Turael in Burthorpe (and Spria in Draynor as a backup) is the lowest-level Slayer master. He accepts any combat level and gives easy tasks with no points."
Locations & NPCs,multiple_choice,"What city serves as the hub for the Fremennik region quests?","Rellekka|Waterbirth Island|Keldagrim|Jatizso","Rellekka","","Rellekka is the main Fremennik city and the starting point for The Fremennik Trials quest. It provides access to Waterbirth Island, Miscellania, Etceteria, and the Lunar Isle."
Locations & NPCs,multiple_choice,"Where is the entrance to Mos Le'Harmless, home of the Cave Horrors?","Accessed by boat from Mos Le'Harmless ferry|Charter ship south of Port Phasmatys|Brimhaven dungon tunnel|Karamja boat from Port Sarim","Charter ship south of Port Phasmatys","","Mos Le'Harmless is accessed via a charter ship to the south of Port Phasmatys (or any charter ship port). Cabin Fever must be completed first."
Prayer,multiple_choice,"What level is the Chivalry prayer, and what stats does it boost?","Level 60 — boosts Attack 15%, Strength 18%, Defence 20%|Level 65 — boosts Attack 20%, Strength 18%, Defence 25%|Level 60 — boosts all melee stats by 15%|Level 70 — boosts Attack 15%, Strength 20%, Defence 25%","Level 60 — boosts Attack 15%, Strength 18%, Defence 20%","","Chivalry is level 60 (requires King's Ransom + Knight Waves) and boosts Attack by 15%, Strength by 18%, and Defence by 20%. It is strictly weaker than Piety in all respects."
Prayer,multiple_choice,"What is the prayer drain rate formula for a prayer that costs 1 point per 3 seconds?","Drain rate depends on prayer bonus — base 60, +2 per prayer bonus|All prayers drain at a fixed 1 point per 3 seconds regardless of bonus|Prayer bonus only applies to level 70+ prayers|Prayer bonus doubles the tick interval only","Drain rate depends on prayer bonus — base 60, +2 per prayer bonus","","The prayer drain formula: resistance = 60 + (2 × prayer bonus). A prayer with 1 drain/3s base will last 3 × (resistance/60) longer per point of prayer bonus. Gear like Proselyte helps significantly."
God Wars Dungeon,multiple_choice,"What is unique about the Nex boss fight compared to the other four GWD generals?","Nex requires a special key assembled from all four generals' drops to unlock permanently|Nex is fought in the main GWD chamber, not a separate room|Nex uses only one combat style|Nex has no bodyguards","Nex requires a special key assembled from all four generals' drops to unlock permanently","","Unlike the four main generals who only require kill count and a god item, Nex requires the Frozen Key assembled from drops of all four generals to permanently unlock the Ancient Prison."
God Wars Dungeon,multiple_choice,"What are the drops required from the four GWD generals to assemble the Frozen Key?","Frozen key piece (ice, mud, smoke, shadow)|Nex's key fragments|Godsword shards from each general|Ancient medallions","Frozen key piece (ice, mud, smoke, shadow)","","Each of the four generals drops a frozen key piece themed to their god: K'ril drops the smoke piece (Zamorak), Kree'arra drops the ice piece (Armadyl), Graardor drops the mud piece (Bandos), and Zilyana drops the shadow piece (Saradomin)."
Chambers of Xeric,multiple_choice,"What is the unique drop from the Great Olm (Challenge Mode) that changes the colour of skilling items to the olmlet's theme?","Metamorphic dust|Olmlet transformation scroll|Dark journal|Dexterous prayer scroll","Metamorphic dust","","Metamorphic dust is a rare drop from the Great Olm in Challenge Mode. It allows the Olmlet pet to metamorphose into multiple forms, including a Puppadile, Tektiny, Vanguard, Vasa Minirio, and Vespina."
Theatre of Blood,multiple_choice,"What is the drop from Theatre of Blood Hard Mode that is used as a cosmetic upgrade for the Scythe of Vitur?","Sanguine ornament kit|Holy ornament kit|Vial of blood (ornament)|Blood torva kit","Sanguine ornament kit","","The sanguine ornament kit from Hard Mode ToB adds a cosmetic upgrade to the Scythe of Vitur, turning it red. The holy ornament kit upgrades the Scythe to a white/gold colour."
